{
    "CompileStatus": "Successful",
    "stat": {
        "ru_self_cgstart": {
            "ru_nvcsw": 35,
            "ru_utime_sec": 0.141342,
            "ru_stime_sec": 0.28672199999999998,
            "ru_nivcsw": 67,
            "ru_maxrss_kb": 113328,
            "ru_majflt": 0,
            "ru_minflt": 24583
        },
        "ru_childs_cgstart": {
            "ru_nvcsw": 15,
            "ru_utime_sec": 0.010796999999999999,
            "ru_stime_sec": 0.020086,
            "ru_nivcsw": 10,
            "ru_maxrss_kb": 28476,
            "ru_majflt": 0,
            "ru_minflt": 3075
        },
        "peak_mem_kb": 257388,
        "nQuads": 3154,
        "cpu_cycles_cgstart": 12769812188589820,
        "nMops": 6534,
        "Frontend(%)": 77.962028235414678,
        "totalObjSize": 221314,
        "outputSizePerQuad": 70.169308814204186,
        "ru_childs_end": {
            "ru_nvcsw": 16,
            "ru_utime_sec": 0.013162999999999999,
            "ru_stime_sec": 0.022452,
            "ru_nivcsw": 11,
            "ru_maxrss_kb": 28892,
            "ru_majflt": 0,
            "ru_minflt": 3277
        },
        "ru_self_end": {
            "ru_nvcsw": 42,
            "ru_utime_sec": 0.181982,
            "ru_stime_sec": 0.29553099999999999,
            "ru_nivcsw": 75,
            "ru_maxrss_kb": 123984,
            "ru_majflt": 0,
            "ru_minflt": 27356
        },
        "cpu_cycles_end": 12769812400380460,
        "quadSpeed": 73338.60391573266,
        "mopSpeed": 151932.28851788116,
        "cpu_cycles_total": 7900893440,
        "mop/quad": 2.0716550412175017,
        "CodeGen(%)": 22.037971764585318,
        "realTime": 3.9683690071105957
    },
    "SIMBData": {
        "out": "amcQwB.o",
        "bytes": 131946,
        "text": 0,
        "archive": "archive.3/_847_archive_1.a"
    },
    "cpu_cycles_pass2_start": 12769812188506540,
    "cycles_program_begin": 12769804499487020,
    "CurCompileUdps": {},
    "LVLData": [],
    "perf": [
        {
            "stat": [
                "main",
                "entry",
                0.01774287223815918,
                0.018669000000000002,
                0.014935,
                213592,
                213592,
                0.0,
                0.0,
                1732696792.6738269,
                12769804499661820
            ],
            "sub": [
                {
                    "stat": [
                        "doParsingAndDesignResolution",
                        "entry",
                        3.600247859954834,
                        0.073351,
                        0.28287699999999999,
                        242700,
                        242744,
                        0.0,
                        0.0,
                        1732696796.2563319,
                        12769811664324680
                    ],
                    "sub": []
                },
                {
                    "stat": [
                        "doParsingAndDesignResolution",
                        "exit",
                        3.6222360134124756,
                        0.082313999999999998,
                        0.28287699999999999,
                        242700,
                        243088,
                        0.0,
                        0.0,
                        1732696796.2783201,
                        12769811708297840
                    ],
                    "sub": []
                },
                {
                    "stat": [
                        "doPostDesignResolutionToVir2Vcs",
                        "entry",
                        3.6730129718780518,
                        0.083645999999999998,
                        0.28287699999999999,
                        242700,
                        243088,
                        0.0,
                        0.0049620000000000003,
                        1732696796.329097,
                        12769811809942240
                    ],
                    "sub": [
                        {
                            "stat": [
                                "doUptoVir2VcsNoSepCleanup",
                                "entry",
                                3.7067439556121826,
                                0.088499999999999995,
                                0.28561599999999998,
                                243516,
                                243520,
                                0.0,
                                0.0049620000000000003,
                                1732696796.362828,
                                12769811877286340
                            ],
                            "sub": []
                        },
                        {
                            "stat": [
                                "doUptoVir2VcsNoSepCleanup",
                                "exit",
                                3.7899010181427002,
                                0.12983800000000001,
                                0.28561599999999998,
                                245032,
                                257388,
                                0.0,
                                0.0049620000000000003,
                                1732696796.4459851,
                                12769812043640640
                            ],
                            "sub": []
                        },
                        {
                            "stat": [
                                "doRadify_vir2vcsAll",
                                "entry",
                                3.7899980545043945,
                                0.129937,
                                0.28561599999999998,
                                245032,
                                257388,
                                0.0,
                                0.0049620000000000003,
                                1732696796.4460821,
                                12769812043751800
                            ],
                            "sub": []
                        },
                        {
                            "stat": [
                                "doRadify_vir2vcsAll",
                                "exit",
                                3.8131868839263916,
                                0.138989,
                                0.28561599999999998,
                                246088,
                                257388,
                                0.0,
                                0.0049620000000000003,
                                1732696796.4692709,
                                12769812090190320
                            ],
                            "sub": []
                        }
                    ]
                },
                {
                    "stat": [
                        "doPostDesignResolutionToVir2Vcs",
                        "exit",
                        3.8132498264312744,
                        0.13905500000000001,
                        0.28561599999999998,
                        246088,
                        257388,
                        0.0,
                        0.0049620000000000003,
                        1732696796.4693339,
                        12769812090242860
                    ],
                    "sub": []
                },
                {
                    "stat": [
                        "doGAToPass2",
                        "entry",
                        3.8132739067077637,
                        0.13908000000000001,
                        0.28561599999999998,
                        246088,
                        257388,
                        0.0,
                        0.0049620000000000003,
                        1732696796.469358,
                        12769812090283420
                    ],