{
    "reusePaths": {
        "amcQw_d": {
            "icPath": "csrc"
        },
        "reYIK_d": {
            "icPath": "csrc"
        }
    },
    "Modules": {
        "...MASTER...": {
            "nRouts": 5,
            "start_perf": [
                4.1923890113830566,
                0.20516699999999999,
                0.26148700000000002,
                244808,
                257628,
                1734081330.107239,
                15538737743708300
            ],
            "child_modules": {
                "std": 1,
                "fc_12_tb": 1
            },
            "end_perf": [
                4.2126069068908691,
                0.20516699999999999,
                0.26532600000000001,
                246312,
                257628,
                15538737784195360,
                0,
                0
            ],
            "nQuads": 0,
            "nMops": 0
        },
        "std": {
            "Compiled": "Yes",
            "nRouts": 36,
            "start_perf": [
                4.2127070426940918,
                0.20516699999999999,
                0.26542700000000002,
                246312,
                257628,
                1734081330.127557,
                15538737784338760
            ],
            "child_modules": {},
            "Compiled Times": 5,
            "end_perf": [
                4.222714900970459,
                0.20602699999999999,
                0.26941999999999999,
                246324,
                257628,
                15538737804377100,
                8589934594,
                0
            ],
            "nQuads": 224,
            "svclass": [
                "$vcs_nba_dyn_obj",
                0,
                37,
                2,
                2,
                0,
                "sigprop$$",
                0,
                37,
                2,
                2,
                0,
                "process",
                0,
                184,
                8,
                8,
                0,
                "event",
                0,
                36,
                2,
                2,
                0,
                "mailbox",
                0,
                107,
                9,
                9,
                0,
                "semaphore",
                0,
                71,
                5,
                5,
                0
            ],
            "nMops": 477
        },
        "fc_12_tb": {
            "nRouts": 639,
            "Compiled": "Yes",
            "start_perf": [
                4.2227721214294434,
                0.20605200000000001,
                0.269453,
                246324,
                257628,
                1734081330.1376221,
                15538737804457680
            ],
            "child_modules": {},
            "Compiled Times": 2,
            "end_perf": [
                4.2773048877716064,
                0.25686199999999998,
                0.27266800000000002,
                252040,
                257628,
                15538737913547620,
                17179869185,
                0
            ],
            "nQuads": 5915,
            "nMops": 10835
        }
    },
    "CompUnits": {
        "vANar_d": {
            "mod": "fc_12_tb",
            "text": 66004,
            "bytes": 138162,
            "out": "vANar_d.o",
            "mode": 4,
            "checksum": 0,
            "archive": "archive.4/_847_archive_1.a"
        }
    },
    "ObjArchives": [
        {
            "objects": [
                [
                    "vANar_d.o",
                    138162
                ],
                [
                    "amcQwB.o",
                    131964
                ]
            ],
            "archive": "archive.4/_847_archive_1.a",
            "size": 270126
        }
    ],
    "stat": {
        "peak_mem_kb": 257628,
        "cpu_cycles_end": 15538737997363320,
        "ru_self_end": {
            "ru_nvcsw": 63,
            "ru_utime_sec": 0.264289,
            "ru_stime_sec": 0.273204,
            "ru_maxrss_kb": 123120,
            "ru_nivcsw": 75,
            "ru_minflt": 27394,
            "ru_majflt": 2
        },
        "ru_childs_end": {
            "ru_nvcsw": 17,
            "ru_utime_sec": 0.013335,
            "ru_stime_sec": 0.024108999999999998,
            "ru_maxrss_kb": 29108,
            "ru_nivcsw": 7,
            "ru_minflt": 3284,
            "ru_majflt": 0
        }
    }
}