{
    "Modules": {
        "...MASTER...": {
            "start_perf": [
                3.7052857875823975,
                0.16930400000000001,
                0.262019,
                245544,
                258816,
                1732288357.4146359,
                11952975504391020
            ],
            "nMops": 0,
            "child_modules": {
                "std": 1,
                "conv_tb": 1
            },
            "nRouts": 5,
            "end_perf": [
                3.7089159488677979,
                0.16930400000000001,
                0.265648,
                247436,
                258816,
                11952975511677980,
                0,
                0
            ],
            "nQuads": 0
        },
        "std": {
            "Compiled": "Yes",
            "start_perf": [
                3.7089958190917969,
                0.16930400000000001,
                0.26572800000000002,
                247436,
                258816,
                1732288357.4183459,
                11952975511805940
            ],
            "svclass": [
                "$vcs_nba_dyn_obj",
                385,
                37,
                2,
                2,
                0,
                "sigprop$$",
                385,
                37,
                2,
                2,
                0,
                "process",
                1645,
                184,
                8,
                8,
                0,
                "event",
                462,
                36,
                2,
                2,
                0,
                "mailbox",
                922,
                107,
                9,
                9,
                0,
                "semaphore",
                682,
                71,
                5,
                5,
                0
            ],
            "nMops": 477,
            "child_modules": {},
            "nQuads": 224,
            "Compiled Times": 1,
            "nRouts": 36,
            "end_perf": [
                3.7208318710327148,
                0.18112800000000001,
                0.26572800000000002,
                251524,
                258816,
                11952975535505300,
                8589934594,
                0
            ]
        },
        "window": {
            "Compiled": "Yes",
            "start_perf": [
                3.7208938598632812,
                0.18118300000000001,
                0.26573600000000003,
                251524,
                258816,
                1732288357.430244,
                11952975535592960
            ],
            "nMops": 1195,
            "child_modules": {},
            "nQuads": 283,
            "Compiled Times": 1,
            "nRouts": 27,
            "end_perf": [
                3.7286717891693115,
                0.18895200000000001,
                0.26573600000000003,
                252996,
                258816,
                11952975551151580,
                17179869185,
                0
            ]
        },
        "conv_tb": {
            "Compiled": "Yes",
            "start_perf": [
                3.7286999225616455,
                0.18898000000000001,
                0.26573600000000003,
                252996,
                258816,
                1732288357.43805,
                11952975551186180
            ],
            "nMops": 14892,
            "child_modules": {
                "window": 1
            },
            "nQuads": 5985,
            "Compiled Times": 1,
            "nRouts": 790,
            "end_perf": [
                3.7878539562225342,
                0.248089,
                0.26573600000000003,
                254848,
                258816,
                11952975669548880,
                21474836481,
                0
            ]
        }
    },
    "ObjArchives": [
        {
            "size": 336932,
            "objects": [
                [
                    "reYIK_d.o",
                    35556
                ],
                [
                    "h98J0_d.o",
                    16244
                ],
                [
                    "IaMsy_d.o",
                    152346
                ],
                [
                    "amcQwB.o",
                    132786
                ]
            ],
            "archive": "archive.0/_847_archive_1.a"
        }
    ],
    "CompUnits": {
        "amcQw_d": {
            "mod": "...MASTER...",
            "out": "objs/amcQw_d.o",
            "text": 434,
            "bytes": 7652,
            "mode": 4,
            "checksum": 0
        },
        "reYIK_d": {
            "cls": 4481,
            "mod": "std",
            "out": "reYIK_d.o",
            "archive": "archive.0/_847_archive_1.a",
            "text": 4843,
            "bytes": 35556,
            "mode": 4,
            "checksum": 0
        },
        "h98J0_d": {
            "mod": "window",
            "out": "h98J0_d.o",
            "archive": "archive.0/_847_archive_1.a",
            "text": 6269,
            "bytes": 16244,
            "mode": 4,
            "checksum": 0
        },
        "IaMsy_d": {
            "mod": "conv_tb",
            "out": "IaMsy_d.o",
            "archive": "archive.0/_847_archive_1.a",
            "text": 87325,
            "bytes": 152346,
            "mode": 4,
            "checksum": 0
        }
    },
    "reusePaths": {},
    "stat": {
        "ru_childs_end": {
            "ru_minflt": 3256,
            "ru_maxrss_kb": 29488,
            "ru_utime_sec": 0.022120999999999998,
            "ru_majflt": 0,
            "ru_stime_sec": 0.012576,
            "ru_nvcsw": 17,
            "ru_nivcsw": 5
        },
        "ru_self_end": {
            "ru_minflt": 29000,
            "ru_maxrss_kb": 127772,
            "ru_utime_sec": 0.25703300000000001,
            "ru_majflt": 0,
            "ru_stime_sec": 0.26573600000000003,
            "ru_nvcsw": 24,
            "ru_nivcsw": 54
        },
        "peak_mem_kb": 258816,
        "cpu_cycles_end": 11952975688139860
    }
}