{
    "Modules": {
        "...MASTER...": {
            "start_perf": [
                3.6510450839996338,
                0.15746199999999999,
                0.288022,
                245808,
                258932,
                1732276284.2268341,
                11928830359987200
            ],
            "nQuads": 0,
            "child_modules": {
                "std": 1,
                "conv_tb": 1
            },
            "end_perf": [
                3.6599011421203613,
                0.15775400000000001,
                0.29184500000000002,
                246640,
                258932,
                11928830377741380,
                0,
                0
            ],
            "nRouts": 5,
            "nMops": 0
        },
        "std": {
            "svclass": [
                "$vcs_nba_dyn_obj",
                0,
                37,
                2,
                2,
                0,
                "sigprop$$",
                0,
                37,
                2,
                2,
                0,
                "process",
                0,
                184,
                8,
                8,
                0,
                "event",
                0,
                36,
                2,
                2,
                0,
                "mailbox",
                0,
                107,
                9,
                9,
                0,
                "semaphore",
                0,
                71,
                5,
                5,
                0
            ],
            "start_perf": [
                3.6600041389465332,
                0.15779099999999999,
                0.29191400000000001,
                246640,
                258932,
                1732276284.2357931,
                11928830377901020
            ],
            "nQuads": 224,
            "child_modules": {},
            "Compiled": "Yes",
            "Compiled Times": 4,
            "end_perf": [
                3.6650919914245605,
                0.16074099999999999,
                0.29404000000000002,
                246652,
                258932,
                11928830388103760,
                8589934594,
                0
            ],
            "nMops": 477,
            "nRouts": 36
        },
        "window": {
            "start_perf": [
                3.6651580333709717,
                0.16076499999999999,
                0.29408299999999998,
                246652,
                258932,
                1732276284.240947,
                11928830388205220
            ],
            "nQuads": 267,
            "child_modules": {},
            "Compiled Times": 4,
            "Compiled": "Yes",
            "end_perf": [
                3.6699600219726562,
                0.16500200000000001,
                0.29464699999999999,
                247552,
                258932,
                11928830397847820,
                17179869185,
                0
            ],
            "nRouts": 27,
            "nMops": 1025
        },
        "conv_tb": {
            "start_perf": [
                3.6700141429901123,
                0.165022,
                0.294682,
                247552,
                258932,
                1732276284.2458031,
                11928830397916940
            ],
            "nQuads": 5993,
            "child_modules": {
                "window": 1
            },
            "Compiled Times": 4,
            "Compiled": "Yes",
            "end_perf": [
                3.7274401187896729,
                0.21709800000000001,
                0.29998999999999998,
                252840,
                258932,
                11928830512767580,
                21474836481,
                0
            ],
            "nRouts": 791,
            "nMops": 13620
        }
    },
    "reusePaths": {
        "amcQw_d": {
            "icPath": "csrc"
        },
        "h98J0_d": {
            "icPath": "csrc"
        },
        "reYIK_d": {
            "icPath": "csrc"
        }
    },
    "CompUnits": {
        "IaMsy_d": {
            "out": "IaMsy_d.o",
            "mod": "conv_tb",
            "text": 80437,
            "bytes": 145622,
            "archive": "archive.3/_847_archive_1.a",
            "mode": 4,
            "checksum": 0
        }
    },
    "ObjArchives": [
        {
            "archive": "archive.3/_847_archive_1.a",
            "objects": [
                [
                    "IaMsy_d.o",
                    145622
                ],
                [
                    "amcQwB.o",
                    131818
                ]
            ],
            "size": 277440
        }
    ],
    "stat": {
        "ru_self_end": {
            "ru_utime_sec": 0.21732799999999999,
            "ru_stime_sec": 0.304259,
            "ru_nivcsw": 53,
            "ru_majflt": 0,
            "ru_maxrss_kb": 125356,
            "ru_minflt": 27977,
            "ru_nvcsw": 33
        },
        "ru_childs_end": {
            "ru_utime_sec": 0.024161999999999999,
            "ru_stime_sec": 0.013244000000000001,
            "ru_nivcsw": 10,
            "ru_majflt": 0,
            "ru_maxrss_kb": 30060,
            "ru_minflt": 3272,
            "ru_nvcsw": 17
        },
        "cpu_cycles_end": 11928830522314680,
        "peak_mem_kb": 258932
    }
}