{
    "CompUnits": {
        "amcQw_d": {
            "mode": 4,
            "bytes": 7660,
            "mod": "...MASTER...",
            "out": "objs/amcQw_d.o",
            "text": 434,
            "checksum": 0
        },
        "vANar_d": {
            "mode": 4,
            "bytes": 81708,
            "mod": "fc_12_tb",
            "out": "vANar_d.o",
            "text": 35768,
            "archive": "archive.3/_847_archive_1.a",
            "checksum": 0
        }
    },
    "Modules": {
        "...MASTER...": {
            "nQuads": 0,
            "start_perf": [
                3.8625128269195557,
                0.14136899999999999,
                0.286777,
                244664,
                257388,
                1732696796.5185969,
                12769812188774680
            ],
            "nRouts": 5,
            "child_modules": {
                "std": 1,
                "fc_12_tb": 1
            },
            "end_perf": [
                3.9242630004882812,
                0.14136899999999999,
                0.29263400000000001,
                247084,
                257388,
                12769812312369520,
                0,
                0
            ],
            "nMops": 0
        },
        "std": {
            "nQuads": 224,
            "start_perf": [
                3.9243969917297363,
                0.14136899999999999,
                0.292769,
                247084,
                257388,
                1732696796.5804811,
                12769812312535540
            ],
            "nRouts": 36,
            "child_modules": {},
            "Compiled": "Yes",
            "Compiled Times": 4,
            "nMops": 477,
            "end_perf": [
                3.9295108318328857,
                0.14507300000000001,
                0.29417700000000002,
                247092,
                257388,
                12769812322795440,
                8589934594,
                0
            ],
            "svclass": [
                "$vcs_nba_dyn_obj",
                0,
                37,
                2,
                2,
                0,
                "sigprop$$",
                0,
                37,
                2,
                2,
                0,
                "process",
                0,
                184,
                8,
                8,
                0,
                "event",
                0,
                36,
                2,
                2,
                0,
                "mailbox",
                0,
                107,
                9,
                9,
                0,
                "semaphore",
                0,
                71,
                5,
                5,
                0
            ]
        },
        "fc_12_tb": {
            "nQuads": 2930,
            "start_perf": [
                3.9295809268951416,
                0.145097,
                0.29422500000000001,
                247092,
                257388,
                1732696796.585665,
                12769812322898280
            ],
            "nRouts": 349,
            "child_modules": {},
            "nMops": 6057,
            "Compiled Times": 1,
            "Compiled": "Yes",
            "end_perf": [
                3.9623689651489258,
                0.177534,
                0.29454599999999997,
                252904,
                257388,
                12769812388499400,
                17179869185,
                0
            ]
        }
    },
    "reusePaths": {
        "reYIK_d": {
            "icPath": "csrc"
        }
    },
    "ObjArchives": [
        {
            "objects": [
                [
                    "vANar_d.o",
                    81708
                ],
                [
                    "amcQwB.o",
                    131946
                ]
            ],
            "archive": "archive.3/_847_archive_1.a",
            "size": 213654
        }
    ],
    "stat": {
        "ru_childs_end": {
            "ru_nvcsw": 16,
            "ru_utime_sec": 0.013162999999999999,
            "ru_stime_sec": 0.022452,
            "ru_nivcsw": 11,
            "ru_maxrss_kb": 28892,
            "ru_majflt": 0,
            "ru_minflt": 3277
        },
        "ru_self_end": {
            "ru_nvcsw": 42,
            "ru_utime_sec": 0.181982,
            "ru_stime_sec": 0.29529899999999998,
            "ru_nivcsw": 75,
            "ru_maxrss_kb": 123984,
            "ru_majflt": 0,
            "ru_minflt": 27353
        },
        "cpu_cycles_end": 12769812399915100,
        "peak_mem_kb": 257388
    }
}