{
    "stat": {
        "ru_self_end": {
            "ru_utime_sec": 0.23490800000000001,
            "ru_stime_sec": 0.26510600000000001,
            "ru_maxrss_kb": 126040,
            "ru_nvcsw": 52,
            "ru_majflt": 1,
            "ru_minflt": 27852,
            "ru_nivcsw": 76
        },
        "ru_childs_end": {
            "ru_utime_sec": 0.019958,
            "ru_stime_sec": 0.020715000000000001,
            "ru_maxrss_kb": 29896,
            "ru_nvcsw": 43,
            "ru_majflt": 22,
            "ru_minflt": 3264,
            "ru_nivcsw": 5
        },
        "cpu_cycles_end": 12380765876706740,
        "peak_mem_kb": 258708
    },
    "CompUnits": {
        "amcQw_d": {
            "mode": 4,
            "bytes": 7652,
            "mod": "...MASTER...",
            "checksum": 0,
            "out": "objs/amcQw_d.o",
            "text": 434
        },
        "IaMsy_d": {
            "mode": 4,
            "bytes": 94602,
            "mod": "conv_tb",
            "checksum": 0,
            "out": "IaMsy_d.o",
            "text": 47237,
            "archive": "archive.1/_847_archive_1.a"
        }
    },
    "Modules": {
        "...MASTER...": {
            "child_modules": {
                "std": 1,
                "conv_tb": 1
            },
            "start_perf": [
                3.7690179347991943,
                0.18185200000000001,
                0.25459300000000001,
                245552,
                258708,
                1732502263.407377,
                12380765737264580
            ],
            "end_perf": [
                3.7805709838867188,
                0.18185200000000001,
                0.26055400000000001,
                248000,
                258708,
                12380765760411240,
                0,
                0
            ],
            "nQuads": 0,
            "nMops": 0,
            "nRouts": 5
        },
        "std": {
            "start_perf": [
                3.780663013458252,
                0.18185200000000001,
                0.26064700000000002,
                248000,
                258708,
                1732502263.4190221,
                12380765760544460
            ],
            "child_modules": {},
            "Compiled": "Yes",
            "Compiled Times": 2,
            "svclass": [
                "$vcs_nba_dyn_obj",
                0,
                37,
                2,
                2,
                0,
                "sigprop$$",
                0,
                37,
                2,
                2,
                0,
                "process",
                0,
                184,
                8,
                8,
                0,
                "event",
                0,
                36,
                2,
                2,
                0,
                "mailbox",
                0,
                107,
                9,
                9,
                0,
                "semaphore",
                0,
                71,
                5,
                5,
                0
            ],
            "end_perf": [
                3.785740852355957,
                0.18548200000000001,
                0.26209399999999999,
                248008,
                258708,
                12380765770755580,
                8589934594,
                0
            ],
            "nQuads": 224,
            "nMops": 477,
            "nRouts": 36
        },
        "conv_tb": {
            "child_modules": {},
            "start_perf": [
                3.7858188152313232,
                0.18548200000000001,
                0.26217400000000002,
                248008,
                258708,
                1732502263.4241779,
                12380765770858060
            ],
            "Compiled": "Yes",
            "nRouts": 409,
            "Compiled Times": 2,
            "end_perf": [
                3.8301689624786377,
                0.227989,
                0.26398700000000003,
                254260,
                258708,
                12380765859561900,
                21474836481,
                0
            ],
            "nQuads": 3552,
            "nMops": 8445
        }
    },
    "reusePaths": {
        "reYIK_d": {
            "icPath": "csrc"
        }
    },
    "ObjArchives": [
        {
            "archive": "archive.1/_847_archive_1.a",
            "objects": [
                [
                    "IaMsy_d.o",
                    94602
                ],
                [
                    "amcQwB.o",
                    131828
                ]
            ],
            "size": 226430
        }
    ]
}