{
    "Modules": {
        "conv_tb": {
            "start_perf": [
                3.830604076385498,
                0.199849,
                0.262735,
                247464,
                258884,
                1732268066.033879,
                11912394814926040
            ],
            "child_modules": {
                "window": 1
            },
            "nMops": 11413,
            "Compiled": "Yes",
            "nQuads": 5185,
            "Compiled Times": 2,
            "nRouts": 691,
            "end_perf": [
                3.8809981346130371,
                0.25020300000000001,
                0.262735,
                252600,
                258884,
                11912394915753420,
                21474836481,
                0
            ]
        },
        "...MASTER...": {
            "start_perf": [
                3.813913106918335,
                0.19606699999999999,
                0.25488699999999997,
                245796,
                258884,
                1732268066.0171881,
                11912394781581400
            ],
            "child_modules": {
                "std": 1,
                "conv_tb": 1
            },
            "nRouts": 5,
            "end_perf": [
                3.822551965713501,
                0.19606699999999999,
                0.25847300000000001,
                246592,
                258884,
                11912394798869520,
                0,
                0
            ],
            "nQuads": 0,
            "nMops": 0
        },
        "std": {
            "start_perf": [
                3.8226299285888672,
                0.19606699999999999,
                0.25855299999999998,
                246592,
                258884,
                1732268066.0259049,
                11912394798996880
            ],
            "svclass": [
                "$vcs_nba_dyn_obj",
                0,
                37,
                2,
                2,
                0,
                "sigprop$$",
                0,
                37,
                2,
                2,
                0,
                "process",
                0,
                184,
                8,
                8,
                0,
                "event",
                0,
                36,
                2,
                2,
                0,
                "mailbox",
                0,
                107,
                9,
                9,
                0,
                "semaphore",
                0,
                71,
                5,
                5,
                0
            ],
            "child_modules": {},
            "nMops": 477,
            "Compiled": "Yes",
            "nQuads": 224,
            "Compiled Times": 2,
            "nRouts": 36,
            "end_perf": [
                3.82676100730896,
                0.19606699999999999,
                0.262683,
                246604,
                258884,
                11912394807284100,
                8589934594,
                0
            ]
        },
        "window": {
            "start_perf": [
                3.8268160820007324,
                0.19606999999999999,
                0.262735,
                246604,
                258884,
                1732268066.030091,
                11912394807367680
            ],
            "child_modules": {},
            "nMops": 1025,
            "Compiled": "Yes",
            "nQuads": 267,
            "Compiled Times": 2,
            "nRouts": 27,
            "end_perf": [
                3.8305790424346924,
                0.199823,
                0.262735,
                247464,
                258884,
                11912394814893580,
                17179869185,
                0
            ]
        }
    },
    "CompUnits": {
        "IaMsy_d": {
            "archive": "archive.1/_848_archive_1.a",
            "out": "IaMsy_d.o",
            "mod": "conv_tb",
            "checksum": 0,
            "bytes": 130658,
            "text": 69297,
            "mode": 4
        }
    },
    "reusePaths": {
        "amcQw_d": {
            "icPath": "csrc"
        },
        "reYIK_d": {
            "icPath": "csrc"
        },
        "h98J0_d": {
            "icPath": "csrc"
        }
    },
    "ObjArchives": [
        {
            "archive": "archive.1/_848_archive_1.a",
            "objects": [
                [
                    "IaMsy_d.o",
                    130658
                ],
                [
                    "amcQwB.o",
                    131786
                ]
            ],
            "size": 262444
        }
    ],
    "stat": {
        "ru_self_end": {
            "ru_nivcsw": 78,
            "ru_nvcsw": 27,
            "ru_utime_sec": 0.25245800000000002,
            "ru_majflt": 1,
            "ru_minflt": 27652,
            "ru_stime_sec": 0.26429200000000003,
            "ru_maxrss_kb": 125024
        },
        "ru_childs_end": {
            "ru_nivcsw": 4,
            "ru_nvcsw": 16,
            "ru_utime_sec": 0.020806000000000002,
            "ru_majflt": 0,
            "ru_minflt": 3278,
            "ru_stime_sec": 0.018584,
            "ru_maxrss_kb": 30112
        },
        "cpu_cycles_end": 11912394923340240,
        "peak_mem_kb": 258884
    }
}